 d,LAI,GP,NP,N_L,N_S,N_R,RaL,RaR,RhF,Rhs1,Rhs2,Rhs3,NE,bmR,bmL,bmS
     1.0000,     0.0897,    -0.0015,     0.0000,     0.0000,     0.0000,     0.0000,    -0.0000,    -0.0000,     0.1073,     0.2625,     0.0803,     0.0347,    -0.4848,   238.8684,     7.4759,     1.6421,
     2.0000,     0.0897,    -0.0018,     0.0000,     0.0000,     0.0000,     0.0000,    -0.0000,    -0.0000,     0.1084,     0.2656,     0.0813,     0.0351,    -0.4904,   237.6472,     7.4759,     1.6421,
     3.0000,     0.0897,    -0.0012,     0.0000,     0.0000,     0.0000,     0.0000,    -0.0000,    -0.0000,     0.1062,     0.2605,     0.0797,     0.0344,    -0.4809,   236.4324,     7.4759,     1.6421,
     4.0000,     0.0897,    -0.0012,     0.0000,     0.0000,     0.0000,     0.0000,    -0.0000,    -0.0000,     0.1052,     0.2583,     0.0790,     0.0341,    -0.4766,   235.2240,     7.4759,     1.6421,
     5.0000,     0.0897,    -0.0011,     0.0000,     0.0000,     0.0000,     0.0000,    -0.0000,    -0.0000,     0.1076,     0.2644,     0.0809,     0.0349,    -0.4879,   234.0219,     7.4759,     1.6421,
     6.0000,     0.0897,    -0.0011,     0.0000,     0.0000,     0.0000,     0.0000,    -0.0000,    -0.0000,     0.1054,     0.2593,     0.0793,     0.0342,    -0.4782,   232.8260,     7.4759,     1.6421,
     7.0000,     0.0897,    -0.0011,     0.0000,     0.0000,     0.0000,     0.0000,    -0.0000,    -0.0000,     0.1047,     0.2578,     0.0789,     0.0341,    -0.4755,   231.6364,     7.4759,     1.6421,
     8.0000,     0.0897,    -0.0018,     0.0000,     0.0000,     0.0000,     0.0000,    -0.0000,    -0.0000,     0.1056,     0.2603,     0.0796,     0.0344,    -0.4799,   230.4530,     7.4759,     1.6421,
     9.0000,     0.0897,    -0.0025,     0.0000,     0.0000,     0.0000,     0.0000,    -0.0001,    -0.0001,     0.1065,     0.2627,     0.0804,     0.0347,    -0.4842,   229.2757,     7.4759,     1.6421,
    10.0000,     0.0897,    -0.0018,     0.0000,     0.0000,     0.0000,     0.0000,    -0.0000,    -0.0000,     0.1058,     0.2614,     0.0800,     0.0345,    -0.4818,   228.1046,     7.4759,     1.6421,
    11.0000,     0.0897,    -0.0016,     0.0000,     0.0000,     0.0000,     0.0000,    -0.0000,    -0.0000,     0.1053,     0.2604,     0.0797,     0.0344,    -0.4797,   226.9396,     7.4759,     1.6421,
    12.0000,     0.0897,    -0.0019,     0.0000,     0.0000,     0.0000,     0.0000,    -0.0000,    -0.0000,     0.1055,     0.2613,     0.0799,     0.0345,    -0.4812,   225.7807,     7.4759,     1.6421,
    13.0000,     0.0897,    -0.0018,     0.0000,     0.0000,     0.0000,     0.0000,    -0.0000,    -0.0000,     0.1053,     0.2610,     0.0799,     0.0345,    -0.4807,   224.6278,     7.4759,     1.6421,
    14.0000,     0.0897,    -0.0018,     0.0000,     0.0000,     0.0000,     0.0000,    -0.0000,    -0.0000,     0.1037,     0.2573,     0.0787,     0.0340,    -0.4737,   223.4809,     7.4759,     1.6421,
    15.0000,     0.0897,    -0.0017,     0.0000,     0.0000,     0.0000,     0.0000,    -0.0000,    -0.0000,     0.1021,     0.2536,     0.0776,     0.0335,    -0.4668,   222.3400,     7.4759,     1.6421,
    16.0000,     0.0897,    -0.0013,     0.0000,     0.0000,     0.0000,     0.0000,    -0.0000,    -0.0000,     0.1027,     0.2553,     0.0781,     0.0337,    -0.4698,   221.2051,     7.4759,     1.6421,
    17.0000,     0.0897,    -0.0008,     0.0000,     0.0000,     0.0000,     0.0000,    -0.0000,    -0.0000,     0.1014,     0.2524,     0.0772,     0.0333,    -0.4643,   220.0760,     7.4759,     1.6421,
    18.0000,     0.0897,    -0.0009,     0.0000,     0.0000,     0.0000,     0.0000,    -0.0000,    -0.0000,     0.1026,     0.2556,     0.0782,     0.0338,    -0.4701,   218.9528,     7.4759,     1.6421,
    19.0000,     0.0897,    -0.0016,     0.0000,     0.0000,     0.0000,     0.0000,    -0.0000,    -0.0000,     0.1019,     0.2540,     0.0777,     0.0335,    -0.4672,   217.8355,     7.4759,     1.6421,
    20.0000,     0.0897,    -0.0018,     0.0000,     0.0000,     0.0000,     0.0000,    -0.0000,    -0.0000,     0.1011,     0.2523,     0.0772,     0.0333,    -0.4639,   216.7240,     7.4759,     1.6421,
    21.0000,     0.0897,    -0.0021,     0.0000,     0.0000,     0.0000,     0.0000,    -0.0000,    -0.0000,     0.1011,     0.2526,     0.0773,     0.0334,    -0.4643,   215.6183,     7.4759,     1.6421,
    22.0000,     0.0897,    -0.0018,     0.0000,     0.0000,     0.0000,     0.0000,    -0.0000,    -0.0000,     0.1007,     0.2519,     0.0771,     0.0333,    -0.4630,   214.5183,     7.4759,     1.6421,
    23.0000,     0.0897,    -0.0011,     0.0000,     0.0000,     0.0000,     0.0000,    -0.0000,    -0.0000,     0.1064,     0.2662,     0.0814,     0.0352,    -0.4892,   213.4241,     7.4759,     1.6421,
    24.0000,     0.0897,    -0.0014,     0.0000,     0.0000,     0.0000,     0.0000,    -0.0000,    -0.0000,     0.1056,     0.2645,     0.0809,     0.0349,    -0.4859,   212.3356,     7.4759,     1.6421,
    25.0000,     0.0897,    -0.0023,     0.0000,     0.0000,     0.0000,     0.0000,    -0.0000,    -0.0000,     0.1051,     0.2637,     0.0807,     0.0348,    -0.4844,   211.2527,     7.4759,     1.6421,
    26.0000,     0.0897,    -0.0013,     0.0000,     0.0000,     0.0000,     0.0000,    -0.0000,    -0.0000,     0.1049,     0.2633,     0.0806,     0.0348,    -0.4835,   210.1754,     7.4759,     1.6421,
    27.0000,     0.0897,    -0.0008,     0.0000,     0.0000,     0.0000,     0.0000,    -0.0000,    -0.0000,     0.1027,     0.2581,     0.0790,     0.0341,    -0.4738,   209.1038,     7.4759,     1.6421,
    28.0000,     0.0897,    -0.0011,     0.0000,     0.0000,     0.0000,     0.0000,    -0.0000,    -0.0000,     0.1032,     0.2596,     0.0794,     0.0343,    -0.4765,   208.0377,     7.4759,     1.6421,
    29.0000,     0.0897,    -0.0007,     0.0000,     0.0000,     0.0000,     0.0000,    -0.0000,    -0.0000,     0.1040,     0.2620,     0.0801,     0.0346,    -0.4807,   206.9772,     7.4759,     1.6421,
    30.0000,     0.0897,    -0.0005,     0.0000,     0.0000,     0.0000,     0.0000,    -0.0000,    -0.0000,     0.1045,     0.2634,     0.0806,     0.0348,    -0.4832,   205.9222,     7.4759,     1.6421,
    31.0000,     0.0897,    -0.0009,     0.0000,     0.0000,     0.0000,     0.0000,    -0.0000,    -0.0000,     0.1039,     0.2623,     0.0802,     0.0346,    -0.4811,   204.8727,     7.4759,     1.6421,
    32.0000,     0.0897,    -0.0011,     0.0000,     0.0000,     0.0000,     0.0000,    -0.0000,    -0.0000,     0.1038,     0.2622,     0.0802,     0.0346,    -0.4808,   203.8287,     7.4759,     1.6421,
    33.0000,     0.0897,    -0.0013,     0.0000,     0.0000,     0.0000,     0.0000,    -0.0000,    -0.0000,     0.1034,     0.2615,     0.0800,     0.0345,    -0.4793,   202.7900,     7.4759,     1.6421,
    34.0000,     0.0897,    -0.0019,     0.0000,     0.0000,     0.0000,     0.0000,    -0.0000,    -0.0000,     0.1035,     0.2621,     0.0802,     0.0346,    -0.4804,   201.7568,     7.4759,     1.6421,
    35.0000,     0.0897,    -0.0016,     0.0000,     0.0000,     0.0000,     0.0000,    -0.0000,    -0.0000,     0.1025,     0.2599,     0.0795,     0.0343,    -0.4763,   200.7290,     7.4759,     1.6421,
    36.0000,     0.0897,    -0.0011,     0.0000,     0.0000,     0.0000,     0.0000,    -0.0000,    -0.0000,     0.1046,     0.2653,     0.0812,     0.0350,    -0.4861,   199.7064,     7.4759,     1.6421,
    37.0000,     0.0897,    -0.0010,     0.0000,     0.0000,     0.0000,     0.0000,    -0.0000,    -0.0000,     0.1052,     0.2672,     0.0817,     0.0353,    -0.4894,   198.6892,     7.4759,     1.6421,
    38.0000,     0.0897,    -0.0013,     0.0000,     0.0000,     0.0000,     0.0000,    -0.0000,    -0.0000,     0.1046,     0.2659,     0.0813,     0.0351,    -0.4870,   197.6773,     7.4759,     1.6421,
    39.0000,     0.0897,    -0.0017,     0.0000,     0.0000,     0.0000,     0.0000,    -0.0000,    -0.0000,     0.1055,     0.2684,     0.0821,     0.0354,    -0.4914,   196.6707,     7.4759,     1.6421,
    40.0000,     0.0897,    -0.0012,     0.0000,     0.0000,     0.0000,     0.0000,    -0.0000,    -0.0000,     0.1045,     0.2662,     0.0814,     0.0351,    -0.4872,   195.6693,     7.4759,     1.6421,
    41.0000,     0.0897,    -0.0020,     0.0000,     0.0000,     0.0000,     0.0000,    -0.0000,    -0.0000,     0.1029,     0.2625,     0.0803,     0.0347,    -0.4804,   194.6730,     7.4759,     1.6421,
    42.0000,     0.0897,    -0.0016,     0.0000,     0.0000,     0.0000,     0.0000,    -0.0000,    -0.0000,     0.1024,     0.2616,     0.0800,     0.0345,    -0.4786,   193.6819,     7.4759,     1.6421,
    43.0000,     0.0897,    -0.0018,     0.0000,     0.0000,     0.0000,     0.0000,    -0.0000,    -0.0000,     0.1024,     0.2617,     0.0800,     0.0345,    -0.4786,   192.6961,     7.4759,     1.6421,
    44.0000,     0.0897,    -0.0021,     0.0000,     0.0000,     0.0000,     0.0000,    -0.0000,    -0.0000,     0.1039,     0.2658,     0.0813,     0.0351,    -0.4861,   191.7153,     7.4759,     1.6421,
    45.0000,     0.0897,    -0.0025,     0.0000,     0.0000,     0.0000,     0.0000,    -0.0001,    -0.0001,     0.1053,     0.2697,     0.0825,     0.0356,    -0.4932,   190.7396,     7.4759,     1.6421,
    46.0000,     0.0897,    -0.0017,     0.0000,     0.0000,     0.0000,     0.0000,    -0.0000,    -0.0000,     0.1043,     0.2675,     0.0818,     0.0353,    -0.4890,   189.7690,     7.4759,     1.6421,
    47.0000,     0.0897,    -0.0018,     0.0000,     0.0000,     0.0000,     0.0000,    -0.0000,    -0.0000,     0.1018,     0.2613,     0.0799,     0.0345,    -0.4774,   188.8034,     7.4759,     1.6421,
    48.0000,     0.0897,    -0.0021,     0.0000,     0.0000,     0.0000,     0.0000,    -0.0000,    -0.0000,     0.1015,     0.2608,     0.0798,     0.0344,    -0.4764,   187.8428,     7.4759,     1.6421,
    49.0000,     0.0897,    -0.0019,     0.0000,     0.0000,     0.0000,     0.0000,    -0.0000,    -0.0000,     0.1021,     0.2625,     0.0803,     0.0347,    -0.4796,   186.8872,     7.4759,     1.6421,
    50.0000,     0.0897,    -0.0027,     0.0000,     0.0000,     0.0000,     0.0000,    -0.0001,    -0.0001,     0.1097,     0.2824,     0.0864,     0.0373,    -0.5158,   185.9366,     7.4759,     1.6421,
    51.0000,     0.0897,    -0.0033,     0.0000,     0.0000,     0.0000,     0.0000,    -0.0001,    -0.0001,     0.1114,     0.2872,     0.0878,     0.0379,    -0.5243,   184.9909,     7.4759,     1.6421,
    52.0000,     0.0897,    -0.0027,     0.0000,     0.0000,     0.0000,     0.0000,    -0.0001,    -0.0001,     0.1109,     0.2863,     0.0876,     0.0378,    -0.5225,   184.0501,     7.4759,     1.6421,
    53.0000,     0.0897,    -0.0023,     0.0000,     0.0000,     0.0000,     0.0000,    -0.0000,    -0.0000,     0.1096,     0.2831,     0.0866,     0.0374,    -0.5166,   183.1142,     7.4759,     1.6421,
    54.0000,     0.0897,    -0.0018,     0.0000,     0.0000,     0.0000,     0.0000,    -0.0000,    -0.0000,     0.1094,     0.2829,     0.0865,     0.0373,    -0.5161,   182.1831,     7.4759,     1.6421,
    55.0000,     0.0897,    -0.0021,     0.0000,     0.0000,     0.0000,     0.0000,    -0.0000,    -0.0000,     0.1077,     0.2788,     0.0853,     0.0368,    -0.5086,   181.2569,     7.4759,     1.6421,
    56.0000,     0.0897,    -0.0018,     0.0000,     0.0000,     0.0000,     0.0000,    -0.0000,    -0.0000,     0.1048,     0.2715,     0.0830,     0.0358,    -0.4952,   180.3354,     7.4759,     1.6421,
    57.0000,     0.0897,    -0.0019,     0.0000,     0.0000,     0.0000,     0.0000,    -0.0000,    -0.0000,     0.1020,     0.2647,     0.0810,     0.0349,    -0.4827,   179.4188,     7.4759,     1.6421,
    58.0000,     0.0897,    -0.0016,     0.0000,     0.0000,     0.0000,     0.0000,    -0.0000,    -0.0000,     0.1011,     0.2627,     0.0804,     0.0347,    -0.4789,   178.5069,     7.4759,     1.6421,
    59.0000,     0.0897,    -0.0017,     0.0000,     0.0000,     0.0000,     0.0000,    -0.0000,    -0.0000,     0.0996,     0.2591,     0.0792,     0.0342,    -0.4721,   177.5997,     7.4759,     1.6421,
    60.0000,     0.0897,    -0.0020,     0.0000,     0.0000,     0.0000,     0.0000,    -0.0000,    -0.0000,     0.1019,     0.2651,     0.0811,     0.0350,    -0.4830,   176.6972,     7.4759,     1.6421,
    61.0000,     0.0897,    -0.0015,     0.0000,     0.0000,     0.0000,     0.0000,    -0.0000,    -0.0000,     0.1014,     0.2642,     0.0808,     0.0349,    -0.4812,   175.7994,     7.4759,     1.6421,
    62.0000,     0.0897,    -0.0007,     0.0000,     0.0000,     0.0000,     0.0000,    -0.0000,    -0.0000,     0.1036,     0.2702,     0.0827,     0.0357,    -0.4922,   174.9063,     7.4759,     1.6421,
    63.0000,     0.0897,    -0.0016,     0.0000,     0.0000,     0.0000,     0.0000,    -0.0000,    -0.0000,     0.1060,     0.2767,     0.0846,     0.0365,    -0.5038,   174.0178,     7.4759,     1.6421,
    64.0000,     0.0897,    -0.0016,     0.0000,     0.0000,     0.0000,     0.0000,    -0.0000,    -0.0000,     0.1057,     0.2763,     0.0845,     0.0365,    -0.5029,   173.1338,     7.4759,     1.6421,
    65.0000,     0.0897,    -0.0021,     0.0000,     0.0000,     0.0000,     0.0000,    -0.0000,    -0.0000,     0.1080,     0.2826,     0.0864,     0.0373,    -0.5142,   172.2545,     7.4759,     1.6421,
    66.0000,     0.0916,    -0.0028,     0.1352,     0.0716,     0.0000,     0.0636,    -0.0001,    -0.0001,     0.1115,     0.2919,     0.0893,     0.0385,    -0.3960,   171.5211,     7.6350,     1.6421,
    67.0000,     0.0925,    -0.0028,     0.0637,     0.0335,     0.0000,     0.0302,    -0.0001,    -0.0001,     0.1116,     0.2925,     0.0895,     0.0386,    -0.4685,   170.7171,     7.7094,     1.6421,
    68.0000,     0.0925,    -0.0020,     0.0000,     0.0000,     0.0000,     0.0000,    -0.0000,    -0.0000,     0.1082,     0.2841,     0.0869,     0.0375,    -0.5166,   169.8503,     7.7094,     1.6421,
    69.0000,     0.0925,    -0.0020,     0.0000,     0.0000,     0.0000,     0.0000,    -0.0000,    -0.0000,     0.1046,     0.2750,     0.0841,     0.0363,    -0.5000,   168.9880,     7.7094,     1.6421,
    70.0000,     0.0925,    -0.0026,     0.0000,     0.0000,     0.0000,     0.0000,    -0.0001,    -0.0001,     0.1067,     0.2808,     0.0859,     0.0370,    -0.5104,   168.1301,     7.7094,     1.6421,
    71.0000,     0.0940,    -0.0032,     0.1096,     0.0563,     0.0000,     0.0533,    -0.0001,    -0.0001,     0.1107,     0.2916,     0.0892,     0.0385,    -0.4204,   167.3951,     7.8346,     1.6421,
    72.0000,     0.0944,    -0.0029,     0.0310,     0.0159,     0.0000,     0.0151,    -0.0001,    -0.0001,     0.1116,     0.2943,     0.0900,     0.0388,    -0.5038,   166.5791,     7.8698,     1.6421,
    73.0000,     0.0962,    -0.0032,     0.1322,     0.0674,     0.0000,     0.0649,    -0.0001,    -0.0001,     0.1131,     0.2985,     0.0913,     0.0394,    -0.4100,   165.8778,     8.0195,     1.6421,
    74.0000,     0.0962,    -0.0022,     0.0000,     0.0000,     0.0000,     0.0000,    -0.0000,    -0.0000,     0.1105,     0.2921,     0.0893,     0.0385,    -0.5305,   165.0360,     8.0195,     1.6421,
    75.0000,     0.0962,    -0.0017,     0.0000,     0.0000,     0.0000,     0.0000,    -0.0000,    -0.0000,     0.1078,     0.2854,     0.0873,     0.0376,    -0.5181,   164.1986,     8.0195,     1.6421,
    76.0000,     0.0962,    -0.0021,     0.0000,     0.0000,     0.0000,     0.0000,    -0.0000,    -0.0000,     0.1074,     0.2844,     0.0870,     0.0375,    -0.5163,   163.3655,     8.0195,     1.6421,
    77.0000,     0.0962,    -0.0022,     0.0000,     0.0000,     0.0000,     0.0000,    -0.0000,    -0.0000,     0.1222,     0.3242,     0.0991,     0.0428,    -0.5884,   162.5367,     8.0195,     1.6421,
    78.0000,     0.0962,    -0.0022,     0.0000,     0.0000,     0.0000,     0.0000,    -0.0000,    -0.0000,     0.1244,     0.3302,     0.1010,     0.0436,    -0.5991,   161.7122,     8.0195,     1.6421,
    79.0000,     0.0973,    -0.0030,     0.0720,     0.0399,     0.0000,     0.0320,    -0.0001,    -0.0001,     0.1242,     0.3303,     0.1010,     0.0436,    -0.5272,   160.9631,     8.1082,     1.6421,
    80.0000,     0.0973,    -0.0030,     0.0000,     0.0000,     0.0000,     0.0000,    -0.0001,    -0.0001,     0.1232,     0.3279,     0.1003,     0.0432,    -0.5946,   160.1467,     8.1082,     1.6421,
    81.0000,     0.0973,    -0.0023,     0.0000,     0.0000,     0.0000,     0.0000,    -0.0001,    -0.0001,     0.1190,     0.3171,     0.0970,     0.0418,    -0.5748,   159.3346,     8.1082,     1.6421,
    82.0000,     0.0994,    -0.0032,     0.1446,     0.0780,     0.0000,     0.0666,    -0.0001,    -0.0001,     0.1213,     0.3239,     0.0990,     0.0427,    -0.4423,   158.6747,     8.2816,     1.6421,
    83.0000,     0.1043,    -0.0038,     0.3461,     0.1850,     0.0000,     0.1611,    -0.0001,    -0.0001,     0.1259,     0.3364,     0.1029,     0.0444,    -0.2635,   158.2282,     8.5771,     1.6202,
    84.0000,     0.1029,    -0.0027,     0.0000,     0.0000,     0.0000,     0.0000,     0.0314,     0.2900,     0.1215,     0.3250,     0.0994,     0.0429,    -0.5888,   157.4260,     6.8303,     1.2903,
    85.0000,     0.0820,    -0.0028,     0.0000,     0.0000,     0.0000,     0.0000,     0.0264,     0.3047,     0.1191,     0.3180,     0.0972,     0.0419,    -0.5762,   156.6278,     6.8303,     1.2903,
    86.0000,     0.0822,    -0.0023,     0.0154,     0.0081,     0.0000,     0.0073,    -0.0000,    -0.0000,     0.1200,     0.3210,     0.0982,     0.0423,    -0.5661,   155.8500,     6.8484,     1.2903,
    87.0000,     0.0825,    -0.0023,     0.0243,     0.0128,     0.0000,     0.0115,    -0.0001,    -0.0001,     0.1199,     0.3211,     0.0982,     0.0423,    -0.5573,   155.0856,     6.8768,     1.2903,
    88.0000,     0.0826,    -0.0025,     0.0090,     0.0047,     0.0000,     0.0043,    -0.0001,    -0.0001,     0.1207,     0.3235,     0.0989,     0.0427,    -0.5767,   154.3091,     6.8873,     1.2903,
    89.0000,     0.0826,    -0.0024,     0.0000,     0.0000,     0.0000,     0.0000,    -0.0001,    -0.0001,     0.1201,     0.3224,     0.0986,     0.0425,    -0.5836,   153.5271,     6.8873,     1.2903,
    90.0000,     0.0841,    -0.0030,     0.1035,     0.0537,     0.0000,     0.0498,    -0.0001,    -0.0001,     0.1204,     0.3235,     0.0989,     0.0427,    -0.4819,   152.8598,     7.0067,     1.2903,
    91.0000,     0.0866,    -0.0031,     0.1801,     0.0930,     0.0000,     0.0870,    -0.0001,    -0.0001,     0.1204,     0.3240,     0.0990,     0.0427,    -0.4060,   152.2787,     7.2134,     1.2903,
    92.0000,     0.0917,    -0.0039,     0.3763,     0.1936,     0.0000,     0.1827,    -0.0001,    -0.0001,     0.1283,     0.3456,     0.1057,     0.0456,    -0.2487,   151.9133,     7.6436,     1.2903,
    93.0000,     0.0951,    -0.0041,     0.2475,     0.1268,     0.0000,     0.1207,    -0.0001,    -0.0001,     0.1306,     0.3522,     0.1077,     0.0464,    -0.3894,   151.4117,     7.9254,     1.2903,
    94.0000,     0.0988,    -0.0041,     0.2711,     0.1384,     0.0000,     0.1327,    -0.0001,    -0.0001,     0.1335,     0.3607,     0.1103,     0.0476,    -0.3810,   150.9395,     8.2331,     1.2903,
    95.0000,     0.1049,    -0.0051,     0.4476,     0.2277,     0.0000,     0.2199,    -0.0001,    -0.0001,     0.1365,     0.3692,     0.1129,     0.0487,    -0.2196,   150.6635,     8.7071,     1.2855,
    96.0000,     0.1098,    -0.0049,     0.3895,     0.1976,     0.0000,     0.1919,     0.0500,     0.4329,     0.1381,     0.3740,     0.1143,     0.0493,    -0.2862,   150.3266,     9.1104,     1.2805,
    97.0000,     0.1122,    -0.0043,     0.2108,     0.1067,     0.0000,     0.1041,     0.0456,     0.3760,     0.1335,     0.3621,     0.1107,     0.0477,    -0.4433,   149.7964,     9.0711,     1.2426,
    98.0000,     0.1102,    -0.0037,     0.1028,     0.0520,     0.0000,     0.0509,     0.0421,     0.3476,     0.1303,     0.3539,     0.1082,     0.0467,    -0.5363,   149.1505,     8.3654,     1.1316,
    99.0000,     0.1042,    -0.0046,     0.2831,     0.1429,     0.0000,     0.1402,     0.0532,     0.4741,     0.1347,     0.3657,     0.1118,     0.0482,    -0.3773,   148.7066,     8.6015,     1.1210,
   100.0000,     0.1075,    -0.0038,     0.3200,     0.1613,     0.0000,     0.1587,     0.0507,     0.4379,     0.1376,     0.3741,     0.1144,     0.0493,    -0.3554,   148.3061,     8.9136,     1.1152,
   101.0000,     0.1101,    -0.0047,     0.2302,     0.1158,     0.0000,     0.1145,     0.0484,     0.4030,     0.1355,     0.3689,     0.1128,     0.0486,    -0.4355,   147.8092,     9.0146,     1.0962,
   102.0000,     0.1102,    -0.0039,     0.1414,     0.0753,     0.0000,     0.0661,     0.0442,     0.3620,     0.1375,     0.3748,     0.1146,     0.0494,    -0.5349,   147.2075,     8.5761,     1.0238,
   103.0000,     0.1067,    -0.0037,     0.2500,     0.1409,     0.0000,     0.1091,     0.0483,     0.4144,     0.1495,     0.4079,     0.1247,     0.0538,    -0.4858,   146.7045,     8.6626,     0.9977,
   104.0000,     0.1104,    -0.0043,     0.4317,     0.2407,     0.0000,     0.1909,     0.0598,     0.5067,     0.1564,     0.4271,     0.1306,     0.0563,    -0.3387,   146.3858,     9.1636,     0.9940,
   105.0000,     0.1182,    -0.0060,     0.5633,     0.3101,     0.0000,     0.2531,     0.0657,     0.5244,     0.1654,     0.4524,     0.1383,     0.0596,    -0.2525,   146.2069,     9.8168,     0.9904,
   106.0000,     0.1240,    -0.0059,     0.4230,     0.2311,     0.0000,     0.1918,     0.0651,     0.4847,     0.1657,     0.4538,     0.1387,     0.0598,    -0.3951,   145.8927,    10.2927,     0.9868,
   107.0000,     0.1289,    -0.0059,     0.3724,     0.2012,     0.0000,     0.1712,     0.0693,     0.4908,     0.1639,     0.4498,     0.1375,     0.0593,    -0.4380,   145.5343,    10.7003,     0.9832,
   108.0000,     0.1360,    -0.0071,     0.5332,     0.2854,     0.0000,     0.2478,     0.0811,     0.5516,     0.1704,     0.4683,     0.1431,     0.0617,    -0.3103,   145.3478,    11.2932,     0.9796,
   109.0000,     0.1438,    -0.0077,     0.5810,     0.3103,     0.0000,     0.2706,     0.0921,     0.5928,     0.1814,     0.4995,     0.1527,     0.0658,    -0.3185,   145.2131,    11.9390,     0.9760,
   110.0000,     0.1497,    -0.0081,     0.4548,     0.2408,     0.0000,     0.2139,     0.0874,     0.5314,     0.1807,     0.4985,     0.1524,     0.0657,    -0.4426,   144.9530,    12.4286,     0.9724,
   111.0000,     0.1546,    -0.0078,     0.3889,     0.2048,     0.0000,     0.1840,     0.0933,     0.5441,     0.1823,     0.5038,     0.1540,     0.0664,    -0.5177,   144.6279,    12.8368,     0.9689,
   112.0000,     0.1587,    -0.0085,     0.3356,     0.1753,     0.0000,     0.1603,     0.0893,     0.5032,     0.1730,     0.4790,     0.1464,     0.0631,    -0.5259,   144.2516,    13.1780,     0.9653,
   113.0000,     0.1610,    -0.0066,     0.2099,     0.1091,     0.0000,     0.1008,     0.0712,     0.3898,     0.1651,     0.4579,     0.1399,     0.0603,    -0.6133,   143.7451,    13.3230,     0.9583,
   114.0000,     0.1630,    -0.0084,     0.2286,     0.1179,     0.0000,     0.1107,     0.0859,     0.4633,     0.1659,     0.4609,     0.1409,     0.0607,    -0.5998,   143.2630,    13.5256,     0.9541,
   115.0000,     0.1651,    -0.0073,     0.1913,     0.1050,     0.0000,     0.0864,     0.0839,     0.4442,     0.1740,     0.4841,     0.1479,     0.0638,    -0.6785,   142.7294,    13.5926,     0.9426,
   116.0000,     0.1662,    -0.0048,     0.2094,     0.1157,     0.0000,     0.0936,     0.0854,     0.4483,     0.1731,     0.4825,     0.1474,     0.0636,    -0.6572,   142.2148,    13.7458,     0.9355,
   117.0000,     0.1703,    -0.0067,     0.3627,     0.1991,     0.0000,     0.1636,     0.1236,     0.6393,     0.1832,     0.5114,     0.1563,     0.0674,    -0.5555,   141.8582,    14.1366,     0.9321,
   118.0000,     0.1744,    -0.0078,     0.3295,     0.1773,     0.0000,     0.1521,     0.1088,     0.5457,     0.1920,     0.5369,     0.1641,     0.0707,    -0.6342,   141.4779,    14.4776,     0.9287,
   119.0000,     0.1772,    -0.0056,     0.2452,     0.1306,     0.0000,     0.1146,     0.0953,     0.4656,     0.1870,     0.5241,     0.1601,     0.0691,    -0.6950,   141.0162,    14.7139,     0.9253,
   120.0000,     0.1803,     0.1782,     0.2623,     0.1385,     0.0000,     0.1239,     0.0986,     0.4724,     0.1898,     0.5328,     0.1628,     0.0702,    -0.6932,   140.5774,    14.9667,     0.9219,
   121.0000,     0.1830,     0.3044,     0.2423,     0.1269,     0.0000,     0.1154,     0.0918,     0.4310,     0.1863,     0.5240,     0.1601,     0.0690,    -0.6970,   140.1221,    15.1931,     0.9186,
   122.0000,     0.2346,     0.5603,     2.0237,     1.9610,     0.0000,     0.0628,     0.0669,     0.3084,     0.1760,     0.4962,     0.1516,     0.0654,     1.1345,   139.5521,    19.2254,     0.9033,
   123.0000,     0.2840,     0.7905,     2.0963,     1.9989,     0.0000,     0.0974,     0.0952,     0.3455,     0.1689,     0.4768,     0.1457,     0.0628,     1.2421,   139.0620,    23.5188,     0.8976,
   124.0000,     0.3384,     0.6547,     2.3028,     2.1062,     0.0000,     0.1966,     0.1466,     0.4334,     0.1799,     0.5086,     0.1554,     0.0670,     1.3919,   138.7949,    28.0963,     0.8943,
   125.0000,     0.3947,     1.0308,     2.4054,     2.1594,     0.0000,     0.2459,     0.1774,     0.4383,     0.1874,     0.5306,     0.1621,     0.0699,     1.4554,   138.6388,    32.7748,     0.8911,
   126.0000,     0.4545,     0.8532,     2.6700,     2.2953,     0.0000,     0.3747,     0.2465,     0.5214,     0.2115,     0.5999,     0.1833,     0.0790,     1.5963,   138.7695,    37.7372,     0.8878,
   127.0000,     0.5146,     1.6085,     2.7130,     2.3161,     0.0000,     0.3969,     0.2313,     0.4252,     0.2140,     0.6084,     0.1859,     0.0801,     1.6247,   138.9489,    42.7275,     0.8846,
   128.0000,     0.5765,     1.3767,     2.8604,     2.3898,     0.0000,     0.4706,     0.2990,     0.4862,     0.2283,     0.6505,     0.1987,     0.0857,     1.6971,   139.2911,    47.8627,     0.8813,
   129.0000,     0.6361,     1.6107,     2.7023,     2.3149,     0.0000,     0.3873,     0.2593,     0.3774,     0.2389,     0.6821,     0.2084,     0.0899,     1.4830,   139.4464,    52.8134,     0.8781,
   130.0000,     0.6991,     2.0756,     2.9668,     2.4520,     0.0000,     0.5148,     0.3241,     0.4279,     0.2483,     0.7105,     0.2171,     0.0936,     1.6974,   139.8841,    58.0495,     0.8749,
   131.0000,     0.7632,     2.1621,     3.0637,     2.4980,     0.0000,     0.5657,     0.3527,     0.4249,     0.2560,     0.7342,     0.2243,     0.0967,     1.7525,   140.4326,    63.3683,     0.8717,
   132.0000,     0.8261,     2.7215,     2.9978,     2.4618,     0.0000,     0.5360,     0.3605,     0.3994,     0.2512,     0.7224,     0.2206,     0.0951,     1.7085,   140.9122,    68.5876,     0.8685,
   133.0000,     0.8859,     2.6118,     2.7965,     2.3553,     0.0000,     0.4412,     0.3600,     0.3698,     0.2342,     0.6750,     0.2062,     0.0889,     1.5922,   141.1785,    73.5520,     0.8654,
   134.0000,     0.9444,     2.1699,     2.7247,     2.3161,     0.0000,     0.4086,     0.3621,     0.3475,     0.2236,     0.6459,     0.1973,     0.0851,     1.5728,   141.3709,    78.4114,     0.8622,
   135.0000,     1.0053,     2.4657,     2.9228,     2.4139,     0.0000,     0.5089,     0.4432,     0.3995,     0.2181,     0.6313,     0.1928,     0.0831,     1.7974,   141.7851,    83.4697,     0.8590,
   136.0000,     1.0704,     2.5213,     3.2583,     2.5800,     0.0000,     0.6783,     0.5672,     0.4817,     0.2360,     0.6844,     0.2090,     0.0901,     2.0388,   142.5738,    88.8771,     0.8559,
   137.0000,     1.1450,     3.3249,     3.7485,     2.9410,     0.0000,     0.8075,     0.5629,     0.4515,     0.2684,     0.7801,     0.2382,     0.1027,     2.3589,   143.6453,    95.0640,     0.8528,
   138.0000,     1.2191,     2.3189,     3.7773,     2.9368,     0.0000,     0.8405,     0.6550,     0.4949,     0.2741,     0.7984,     0.2438,     0.1051,     2.3559,   144.7844,   101.2191,     0.8497,
   139.0000,     1.2910,     3.4838,     3.6710,     2.8645,     0.0000,     0.8065,     0.6143,     0.4393,     0.2749,     0.8027,     0.2451,     0.1057,     2.2425,   145.8420,   107.1916,     0.8466,
   140.0000,     1.3627,     3.1024,     3.6987,     2.8656,     0.0000,     0.8331,     0.6640,     0.4517,     0.2623,     0.7678,     0.2345,     0.1011,     2.3331,   146.9533,   113.1448,     0.8435,
   141.0000,     1.4334,     3.3706,     3.6677,     2.8364,     0.0000,     0.8314,     0.6736,     0.4374,     0.2577,     0.7561,     0.2309,     0.0996,     2.3235,   148.0548,   119.0115,     0.8404,
   142.0000,     1.5079,     3.2275,     3.9867,     2.9912,     0.0000,     0.9955,     0.8382,     0.5214,     0.2607,     0.7665,     0.2340,     0.1009,     2.6246,   149.5153,   125.1995,     0.8373,
   143.0000,     1.5834,     3.0341,     4.0966,     3.0373,     0.0000,     1.0593,     1.0147,     0.6059,     0.2843,     0.8377,     0.2558,     0.1103,     2.6086,   151.1098,   131.4670,     0.8343,
   144.0000,     1.6584,     3.5544,     4.0323,     3.0287,     0.0000,     1.0036,     0.9091,     0.5224,     0.3156,     0.9323,     0.2847,     0.1228,     2.3769,   152.5721,   137.6926,     0.8312,
   145.0000,     1.7276,     7.8079,     3.6544,     2.8234,     0.0000,     0.8311,     0.5781,     0.3203,     0.2869,     0.8498,     0.2595,     0.1119,     2.1463,   153.6433,   143.4409,     0.8282,
   146.0000,     1.8011,     3.4152,     3.9990,     2.9920,     0.0000,     1.0070,     1.0557,     0.5654,     0.2809,     0.8340,     0.2546,     0.1098,     2.5197,   155.1000,   149.5415,     0.8252,
   147.0000,     1.8301,     5.6674,     2.4369,     1.3344,     0.0000,     1.1025,     0.9320,     0.4833,     0.2952,     0.8785,     0.2682,     0.1157,     0.8793,   156.7612,   151.9496,     0.8221,
   148.0000,     1.8655,     3.3594,     2.7758,     1.5784,     0.0000,     1.1975,     1.1717,     0.6044,     0.2958,     0.8825,     0.2694,     0.1162,     1.2119,   158.6247,   154.8893,     0.8191,
   149.0000,     1.9071,     4.4132,     3.2631,     1.8172,     0.0000,     1.4460,     1.2058,     0.6175,     0.3084,     0.9225,     0.2816,     0.1214,     1.6291,   161.0306,   158.3469,     0.8161,
   150.0000,     1.9422,     3.3581,     2.9008,     1.5772,     0.0000,     1.3236,     1.4470,     0.7358,     0.3330,     0.9985,     0.3048,     0.1315,     1.1330,   163.1520,   161.2606,     0.8132,
   151.0000,     1.9674,     4.2703,     2.2699,     1.2116,     0.0000,     1.0582,     0.9817,     0.4966,     0.3345,     1.0059,     0.3070,     0.1324,     0.4900,   164.6726,   163.3542,     0.8102,
   152.0000,     1.9916,     4.1237,     2.2407,     1.1771,     0.0000,     1.0636,     1.0729,     0.5408,     0.3330,     1.0041,     0.3065,     0.1322,     0.4649,   166.1971,   165.3638,     0.8072,
   153.0000,     2.0173,     5.2887,     2.3757,     1.2343,     0.0000,     1.1414,     0.9537,     0.4793,     0.3379,     1.0218,     0.3118,     0.1345,     0.5697,   167.8866,   167.4925,     0.8043,
   154.0000,     2.0450,     5.7068,     2.5596,     1.3172,     0.0000,     1.2424,     0.9660,     0.4842,     0.3257,     0.9880,     0.3015,     0.1301,     0.8143,   169.7916,   169.7969,     0.8013,
   155.0000,     2.0928,     6.1392,     3.6319,     2.0697,     0.0000,     1.5621,     1.0637,     0.5318,     0.3630,     1.1041,     0.3369,     0.1453,     1.6825,   172.3972,   173.7593,     0.7984,
   156.0000,     2.1358,     7.1434,     3.3356,     1.9011,     0.0000,     1.4345,     1.0537,     0.5227,     0.3459,     1.0554,     0.3221,     0.1389,     1.4733,   174.7055,   177.3337,     0.7955,
   157.0000,     2.1754,     3.9650,     3.1892,     1.7765,     0.0000,     1.4126,     1.2997,     0.6402,     0.3505,     1.0726,     0.3273,     0.1412,     1.2976,   176.9531,   180.6193,     0.7926,
   158.0000,     2.2122,     4.7183,     3.0743,     1.6791,     0.0000,     1.3951,     1.2710,     0.6226,     0.3531,     1.0836,     0.3306,     0.1426,     1.1643,   179.1500,   183.6773,     0.7897,
   159.0000,     2.2530,     5.2552,     3.2992,     1.8313,     0.0000,     1.4680,     1.1835,     0.5772,     0.3665,     1.1282,     0.3442,     0.1485,     1.3118,   181.4973,   187.0610,     0.7868,
   160.0000,     2.2984,     6.7190,     3.6906,     2.0124,     0.0000,     1.6782,     1.2110,     0.5875,     0.3742,     1.1556,     0.3526,     0.1521,     1.6561,   184.2996,   190.8333,     0.7839,
   161.0000,     2.3438,     6.9024,     3.7589,     2.0169,     0.0000,     1.7420,     1.3811,     0.6669,     0.3663,     1.1348,     0.3462,     0.1493,     1.7623,   187.2290,   194.6018,     0.7811,
   162.0000,     2.3820,     4.9030,     3.3230,     1.7548,     0.0000,     1.5682,     1.5539,     0.7475,     0.3778,     1.1740,     0.3582,     0.1545,     1.2586,   189.7566,   197.7763,     0.7782,
   163.0000,     2.4182,     4.9834,     3.1867,     1.6826,     0.0000,     1.5041,     1.4761,     0.7081,     0.3976,     1.2396,     0.3782,     0.1631,     1.0082,   192.1287,   200.7793,     0.7754,
   164.0000,     2.4540,     5.7582,     3.1330,     1.6758,     0.0000,     1.4572,     1.2509,     0.5985,     0.3970,     1.2421,     0.3789,     0.1635,     0.9516,   194.3840,   203.7563,     0.7725,
   165.0000,     2.4868,     6.8862,     2.9731,     1.5644,     0.0000,     1.4087,     1.1336,     0.5407,     0.3707,     1.1640,     0.3551,     0.1532,     0.9301,   196.5199,   206.4758,     0.7697,
   166.0000,     2.5316,     5.0181,     3.5692,     2.0219,     0.0000,     1.5473,     1.4172,     0.6744,     0.3797,     1.1957,     0.3647,     0.1574,     1.4717,   198.9526,   210.1983,     0.7669,
   167.0000,     2.5724,     5.5604,     3.3963,     1.8764,     0.0000,     1.5199,     1.3903,     0.6580,     0.3915,     1.2372,     0.3774,     0.1628,     1.2273,   201.3116,   213.5850,     0.7641,
   168.0000,     2.6077,     6.2025,     3.0881,     1.6759,     0.0000,     1.4122,     1.1408,     0.5376,     0.3700,     1.1730,     0.3578,     0.1544,     1.0330,   203.4191,   216.5154,     0.7613,
   169.0000,     2.6437,     6.2875,     3.2035,     1.7084,     0.0000,     1.4951,     1.2108,     0.5688,     0.3680,     1.1703,     0.3569,     0.1540,     1.1542,   205.6997,   219.5070,     0.7585,
   170.0000,     2.6802,     5.9920,     3.2966,     1.7310,     0.0000,     1.5656,     1.3805,     0.6468,     0.3666,     1.1695,     0.3567,     0.1539,     1.2500,   208.1251,   222.5377,     0.7558,
   171.0000,     2.7151,     5.5161,     3.2386,     1.6760,     0.0000,     1.5627,     1.5432,     0.7216,     0.3730,     1.1937,     0.3640,     0.1571,     1.1507,   210.5313,   225.4355,     0.7530,
   172.0000,     2.7477,     7.3328,     3.1129,     1.5928,     0.0000,     1.5201,     1.3036,     0.6087,     0.3633,     1.1661,     0.3556,     0.1534,     1.0744,   212.8303,   228.1387,     0.7503,
   173.0000,     2.7790,     5.6505,     3.0629,     1.5485,     0.0000,     1.5143,     1.6037,     0.7481,     0.3571,     1.1497,     0.3506,     0.1513,     1.0542,   215.1044,   230.7339,     0.7475,
   174.0000,     2.8077,     4.8786,     2.9251,     1.4597,     0.0000,     1.4654,     1.7843,     0.8317,     0.3631,     1.1726,     0.3576,     0.1543,     0.8776,   217.2579,   233.1230,     0.7448,
   175.0000,     2.8334,     4.8975,     2.7297,     1.3456,     0.0000,     1.3841,     1.7084,     0.7961,     0.3729,     1.2078,     0.3683,     0.1589,     0.6218,   219.2195,   235.2508,     0.7421,
   176.0000,     2.8573,     6.0728,     2.6379,     1.2873,     0.0000,     1.3507,     1.4577,     0.6792,     0.3787,     1.2304,     0.3752,     0.1619,     0.4917,   221.0966,   237.2416,     0.7394,
   177.0000,     2.8795,     7.0317,     2.5298,     1.2238,     0.0000,     1.3060,     1.3445,     0.6265,     0.3611,     1.1767,     0.3588,     0.1548,     0.4784,   222.8647,   239.0845,     0.7367,
   178.0000,     2.9021,     6.3605,     2.5826,     1.2389,     0.0000,     1.3437,     1.5236,     0.7101,     0.3455,     1.1293,     0.3443,     0.1486,     0.6150,   224.7074,   240.9542,     0.7340,
   179.0000,     2.9249,     6.4116,     2.6332,     1.2529,     0.0000,     1.3804,     1.6405,     0.7649,     0.3377,     1.1068,     0.3374,     0.1456,     0.7058,   226.6218,   242.8480,     0.7313,
   180.0000,     2.9480,     5.8007,     2.6845,     1.2668,     0.0000,     1.4177,     1.8316,     0.8546,     0.3339,     1.0974,     0.3346,     0.1444,     0.7742,   228.6092,   244.7657,     0.7286,
   181.0000,     2.9692,     5.7286,     2.5656,     1.2008,     0.0000,     1.3649,     1.8644,     0.8707,     0.3387,     1.1159,     0.3402,     0.1468,     0.6241,   230.4689,   246.5302,     0.7259,
   182.0000,     3.0274,     7.7265,     4.7901,     2.5876,     0.0000,     2.2024,     1.6223,     0.7583,     0.3915,     1.2935,     0.3944,     0.1702,     2.5405,   234.1801,   251.3589,     0.7233,
   183.0000,     3.0838,     7.1512,     4.7316,     2.5305,     0.0000,     2.2012,     2.0291,     0.9452,     0.3804,     1.2609,     0.3844,     0.1659,     2.5400,   237.8690,   256.0434,     0.7207,
   184.0000,     3.1484,     5.1455,     5.0058,     2.8450,     0.0000,     2.1608,     2.3110,     1.0735,     0.4356,     1.4483,     0.4415,     0.1906,     2.4898,   241.4490,   261.4072,     0.7180,
   185.0000,     3.1937,     5.5203,     3.8666,     2.1291,     0.0000,     1.7375,     1.8345,     0.8472,     0.4311,     1.4389,     0.4386,     0.1893,     1.3687,   244.0697,   265.1663,     0.7154,
   186.0000,     3.2301,     5.8735,     3.4161,     1.8029,     0.0401,     1.5732,     1.4665,     0.6749,     0.4320,     1.4474,     0.4412,     0.1904,     0.9050,   246.3114,   268.1895,     0.8015,
   187.0000,     3.2605,     6.0514,     3.1915,     1.5818,     0.1268,     1.4829,     1.4360,     0.6594,     0.4250,     1.4292,     0.4357,     0.1880,     0.7136,   248.3409,   270.7121,     1.0793,
   188.0000,     3.2885,     5.9248,     3.1929,     1.4981,     0.1997,     1.4951,     1.4521,     0.6661,     0.4260,     1.4378,     0.4383,     0.1892,     0.7016,   250.3869,   273.0401,     1.5176,
   189.0000,     3.3128,     5.5285,     3.0616,     1.3635,     0.2544,     1.4436,     1.5916,     0.7298,     0.4339,     1.4697,     0.4480,     0.1934,     0.5167,   252.3078,   275.0617,     2.0753,
   190.0000,     3.3328,     5.4349,     2.8295,     1.2028,     0.2845,     1.3422,     1.5503,     0.7110,     0.4420,     1.5028,     0.4580,     0.1977,     0.2290,   253.9933,   276.7201,     2.6977,
   191.0000,     3.3500,     5.3575,     2.6957,     1.0997,     0.3088,     1.2873,     1.5632,     0.7174,     0.4461,     1.5227,     0.4641,     0.2003,     0.0625,   255.5480,   278.1440,     3.3716,
   192.0000,     3.3640,     5.2568,     2.5074,     0.9860,     0.3168,     1.2046,     1.5605,     0.7169,     0.4523,     1.5499,     0.4724,     0.2039,    -0.1712,   256.9109,   279.3111,     4.0607,
   193.0000,     3.3767,     5.1510,     2.4635,     0.9376,     0.3346,     1.1912,     1.5707,     0.7224,     0.4667,     1.6057,     0.4894,     0.2113,    -0.3096,   258.2370,   280.3668,     4.7869,
   194.0000,     3.3873,     5.7764,     2.3234,     0.8588,     0.3352,     1.1294,     1.3348,     0.6147,     0.4580,     1.5822,     0.4822,     0.2082,    -0.4071,   259.4187,   281.2442,     5.5116,
   195.0000,     3.3967,     5.4859,     2.2636,     0.8147,     0.3422,     1.1067,     1.5119,     0.6973,     0.4388,     1.5220,     0.4638,     0.2002,    -0.3613,   260.5439,   282.0207,     6.2491,
   196.0000,     3.4047,     4.9170,     2.1860,     0.7667,     0.3436,     1.0757,     1.7200,     0.7945,     0.4495,     1.5651,     0.4769,     0.2059,    -0.5115,   261.5944,   282.6880,     6.9870,
   197.0000,     3.4107,     4.8681,     2.0160,     0.6908,     0.3270,     0.9982,     1.6795,     0.7771,     0.4443,     1.5533,     0.4733,     0.2044,    -0.6593,   262.4671,   283.1848,     7.6856,
   198.0000,     3.4160,     4.8279,     1.9753,     0.6670,     0.3278,     0.9805,     1.5553,     0.7208,     0.4463,     1.5663,     0.4773,     0.2061,    -0.7206,   263.2961,   283.6273,     8.3833,
   199.0000,     3.4205,     4.5055,     1.9091,     0.6372,     0.3231,     0.9488,     1.6766,     0.7782,     0.4432,     1.5616,     0.4758,     0.2054,    -0.7769,   264.0501,   284.0021,     9.0680,
   200.0000,     3.4228,     4.0638,     1.6894,     0.5527,     0.2904,     0.8463,     1.8609,     0.8651,     0.4497,     1.5909,     0.4847,     0.2093,    -1.0452,   264.5726,   284.1885,     9.6779,
   201.0000,     3.4237,     3.9529,     1.5589,     0.5052,     0.2700,     0.7837,     1.6665,     0.7757,     0.4627,     1.6432,     0.5007,     0.2162,    -1.2639,   264.9532,   284.2690,    10.2403,
   202.0000,     3.4238,     4.1582,     1.4667,     0.4721,     0.2547,     0.7398,     1.4584,     0.6797,     0.4681,     1.6696,     0.5087,     0.2197,    -1.3994,   265.2344,   284.2759,    10.7669,
   203.0000,     3.4233,     4.3144,     1.4067,     0.4504,     0.2442,     0.7121,     1.4308,     0.6675,     0.4558,     1.6324,     0.4974,     0.2148,    -1.3936,   265.4527,   284.2346,    11.2682,
   204.0000,     3.4225,     4.6060,     1.3798,     0.4398,     0.2389,     0.7011,     1.3522,     0.6314,     0.4410,     1.5861,     0.4832,     0.2087,    -1.3392,   265.6454,   284.1700,    11.7561,
   205.0000,     3.4249,     4.8928,     1.7108,     0.5575,     0.2955,     0.8578,     1.4045,     0.6565,     0.4357,     1.5730,     0.4793,     0.2070,    -0.9841,   266.1853,   284.3662,    12.3674,
   206.0000,     3.4272,     5.2933,     1.7346,     0.5569,     0.3019,     0.8758,     1.4917,     0.6982,     0.4153,     1.5055,     0.4587,     0.1981,    -0.8430,   266.7623,   284.5605,    12.9907,
   207.0000,     3.4284,     4.6449,     1.6257,     0.5137,     0.2850,     0.8271,     1.7719,     0.8305,     0.4153,     1.5106,     0.4602,     0.1988,    -0.9591,   267.2281,   284.6583,    13.5742,
   208.0000,     3.4281,     5.4009,     1.4655,     0.4574,     0.2577,     0.7504,     1.4010,     0.6576,     0.3610,     1.3179,     0.4015,     0.1734,    -0.7884,   267.5212,   284.6312,    14.0952,
   209.0000,     3.4280,     5.6354,     1.5064,     0.4664,     0.2643,     0.7758,     1.5621,     0.7341,     0.3513,     1.2862,     0.3918,     0.1692,    -0.6921,   267.8691,   284.6239,    14.6289,
   210.0000,     3.4402,     5.4611,     2.7515,     0.9253,     0.4843,     1.3419,     1.6367,     0.7702,     0.3860,     1.4172,     0.4317,     0.1865,     0.3301,   269.4734,   285.6330,    15.6477,
   211.0000,     3.4502,     6.0678,     2.6036,     0.8484,     0.4774,     1.2778,     1.7599,     0.8302,     0.3739,     1.3772,     0.4196,     0.1812,     0.2517,   270.9269,   286.4681,    16.6475,
   212.0000,     3.4583,     5.2282,     2.4475,     0.7742,     0.4632,     1.2101,     2.0922,     0.9893,     0.3725,     1.3763,     0.4193,     0.1811,     0.0983,   272.2223,   287.1358,    17.6123,
   213.0000,     3.4637,     4.7181,     2.1976,     0.6768,     0.4260,     1.0948,     2.2537,     1.0683,     0.3866,     1.4328,     0.4365,     0.1885,    -0.2468,   273.2547,   287.5854,    18.4911,
   214.0000,     3.4664,     4.7318,     1.9121,     0.5764,     0.3763,     0.9594,     1.9752,     0.9384,     0.3970,     1.4760,     0.4497,     0.1942,    -0.6048,   273.9808,   287.8111,    19.2567,
   215.0000,     3.4669,     4.8114,     1.6720,     0.4955,     0.3313,     0.8453,     1.7752,     0.8450,     0.3857,     1.4389,     0.4383,     0.1893,    -0.7802,   274.4496,   287.8569,    19.9199,
   216.0000,     3.4659,     4.2567,     1.4940,     0.4367,     0.2961,     0.7612,     1.9510,     0.9301,     0.3924,     1.4688,     0.4475,     0.1933,    -1.0080,   274.7293,   287.7723,    20.5026,
   217.0000,     3.4632,     4.1381,     1.2871,     0.3722,     0.2539,     0.6609,     1.6710,     0.7976,     0.4035,     1.5152,     0.4616,     0.1994,    -1.2926,   274.7846,   287.5439,    20.9898,
   218.0000,     3.4590,     4.0216,     1.1099,     0.3186,     0.2169,     0.5745,     1.5972,     0.7632,     0.3936,     1.4833,     0.4519,     0.1952,    -1.4141,   274.6475,   287.1785,    21.3917,
   219.0000,     3.4542,     4.0894,     1.0473,     0.3004,     0.2018,     0.5450,     1.5306,     0.7319,     0.3976,     1.5034,     0.4580,     0.1979,    -1.5096,   274.4458,   286.7422,    21.7565,
   220.0000,     3.4486,     4.1681,     1.0062,     0.2894,     0.1908,     0.5261,     1.4470,     0.6925,     0.3897,     1.4782,     0.4503,     0.1945,    -1.5064,   274.2031,   286.2497,    22.0928,
   221.0000,     3.4424,     3.8326,     0.9648,     0.2783,     0.1796,     0.5069,     1.6188,     0.7754,     0.3823,     1.4549,     0.4432,     0.1915,    -1.5071,   273.9190,   285.6823,    22.3989,
   222.0000,     3.4353,     4.0800,     0.9152,     0.2652,     0.1667,     0.4833,     1.5626,     0.7492,     0.3766,     1.4374,     0.4379,     0.1892,    -1.5258,   273.5840,   285.0230,    22.6701,
   223.0000,     3.4270,     3.9725,     0.8614,     0.2510,     0.1530,     0.4573,     1.4552,     0.6984,     0.3565,     1.3643,     0.4156,     0.1796,    -1.4546,   273.1931,   284.2474,    22.9027,
   224.0000,     3.4174,     3.7178,     0.8174,     0.2400,     0.1409,     0.4366,     1.5747,     0.7567,     0.3339,     1.2810,     0.3902,     0.1686,    -1.3564,   272.7582,   283.3366,    23.0980,
   225.0000,     3.4249,     4.4760,     2.6751,     0.9313,     0.4484,     1.2954,     1.2691,     0.6108,     0.4048,     1.5555,     0.4739,     0.2047,     0.0361,   274.2340,   284.3636,    24.0065,
   226.0000,     3.4367,     7.0527,     2.6886,     0.9125,     0.4627,     1.3133,     1.3517,     0.6518,     0.3374,     1.3012,     0.3964,     0.1713,     0.4823,   275.7421,   285.3453,    24.9433,
   227.0000,     3.4493,     6.4631,     2.8646,     0.9419,     0.5134,     1.4094,     1.6504,     0.7974,     0.3310,     1.2800,     0.3899,     0.1685,     0.6952,   277.4557,   286.3884,    25.9888,
   228.0000,     3.4598,     5.3574,     2.7261,     0.8676,     0.5087,     1.3498,     1.8659,     0.9039,     0.3476,     1.3476,     0.4105,     0.1774,     0.4430,   279.0282,   287.2631,    27.0202,
   229.0000,     3.4669,     4.5273,     2.4015,     0.7413,     0.4626,     1.1976,     2.1158,     1.0276,     0.3586,     1.3939,     0.4246,     0.1835,     0.0410,   280.2542,   287.8549,    27.9459,
   230.0000,     3.4705,     4.1422,     2.0162,     0.6073,     0.3963,     1.0125,     1.7816,     0.8673,     0.3585,     1.3976,     0.4258,     0.1840,    -0.3496,   281.0625,   288.1481,    28.7213,
   231.0000,     3.4716,     4.0800,     1.7479,     0.5170,     0.3467,     0.8842,     1.6955,     0.8269,     0.3549,     1.3875,     0.4227,     0.1827,    -0.5997,   281.5814,   288.2401,    29.3840,
   232.0000,     3.4708,     3.9502,     1.5375,     0.4484,     0.3055,     0.7836,     1.4855,     0.7256,     0.3504,     1.3738,     0.4185,     0.1809,    -0.7860,   281.8742,   288.1799,    29.9531,
   233.0000,     3.4684,     3.7023,     1.3280,     0.3827,     0.2629,     0.6824,     1.4854,     0.7264,     0.3434,     1.3504,     0.4114,     0.1778,    -0.9550,   281.9405,   287.9746,    30.4257,
   234.0000,     3.4650,     3.7564,     1.2210,     0.3488,     0.2396,     0.6326,     1.4750,     0.7220,     0.3662,     1.4438,     0.4399,     0.1901,    -1.2190,   281.8959,   287.6948,    30.8451,
   235.0000,     3.4606,     3.8161,     1.0923,     0.3099,     0.2119,     0.5705,     1.4285,     0.6998,     0.3615,     1.4298,     0.4356,     0.1882,    -1.3229,   281.7136,   287.3269,    31.2013,
   236.0000,     3.4553,     3.0766,     0.9768,     0.2758,     0.1867,     0.5143,     1.5430,     0.7564,     0.3639,     1.4435,     0.4398,     0.1901,    -1.4604,   281.4073,   286.8573,    31.4973,
   237.0000,     3.4502,     3.2794,     1.0331,     0.2970,     0.1943,     0.5419,     1.3788,     0.6763,     0.3669,     1.4598,     0.4447,     0.1922,    -1.4305,   281.1640,   286.4648,    31.8122,
   238.0000,     3.4447,     3.5709,     0.9336,     0.2673,     0.1725,     0.4938,     1.2738,     0.6251,     0.3509,     1.4001,     0.4265,     0.1844,    -1.4282,   280.8152,   285.9844,    32.0751,
   239.0000,     3.4559,     4.0228,     2.6232,     0.9025,     0.4816,     1.2392,     1.1204,     0.5501,     0.4174,     1.6702,     0.5088,     0.2199,    -0.1931,   282.1246,   286.9378,    33.0242,
   240.0000,     3.4649,     5.2872,     2.4552,     0.8127,     0.4667,     1.1759,     1.2395,     0.6094,     0.3804,     1.5282,     0.4656,     0.2012,    -0.1202,   283.2864,   287.6891,    33.9367,
   241.0000,     3.4713,     5.0106,     2.2287,     0.7137,     0.4350,     1.0801,     1.1935,     0.5876,     0.3555,     1.4329,     0.4365,     0.1887,    -0.1849,   284.2293,   288.2183,    34.7759,
   242.0000,     3.4764,     5.6035,     2.1346,     0.6661,     0.4240,     1.0445,     1.1162,     0.5504,     0.3142,     1.2701,     0.3870,     0.1673,    -0.0041,   285.0882,   288.6403,    35.5877,
   243.0000,     3.4818,     5.7195,     2.2314,     0.6810,     0.4492,     1.1011,     1.2242,     0.6046,     0.3045,     1.2336,     0.3758,     0.1625,     0.1550,   286.0686,   289.0937,    36.4523,
   244.0000,     3.4870,     5.8011,     2.2396,     0.6690,     0.4573,     1.1133,     1.4060,     0.6956,     0.2941,     1.1941,     0.3638,     0.1573,     0.2303,   287.0709,   289.5189,    37.3318,
   245.0000,     3.4912,     4.8716,     2.1748,     0.6359,     0.4498,     1.0891,     1.6433,     0.8147,     0.2972,     1.2089,     0.3683,     0.1592,     0.1412,   288.0143,   289.8692,    38.1913,
   246.0000,     3.4936,     4.9746,     1.9800,     0.5680,     0.4136,     0.9984,     1.5680,     0.7790,     0.2992,     1.2196,     0.3716,     0.1606,    -0.0710,   288.7513,   290.0679,    38.9675,
   247.0000,     3.4951,     5.2314,     1.8974,     0.5358,     0.3983,     0.9633,     1.4619,     0.7276,     0.2937,     1.1996,     0.3655,     0.1580,    -0.1194,   289.4065,   290.1947,    39.7070,
   248.0000,     3.4953,     5.0969,     1.7462,     0.4862,     0.3674,     0.8926,     1.4319,     0.7140,     0.2822,     1.1550,     0.3519,     0.1521,    -0.1951,   289.9010,   290.2112,    40.3755,
   249.0000,     3.4940,     4.9601,     1.5575,     0.4284,     0.3273,     0.8018,     1.4314,     0.7149,     0.2622,     1.0752,     0.3276,     0.1416,    -0.2491,   290.1913,   290.0995,    40.9528,
   250.0000,     3.4915,     4.7722,     1.4216,     0.3873,     0.2972,     0.7371,     1.5010,     0.7508,     0.2447,     1.0046,     0.3061,     0.1323,    -0.2661,   290.3363,   289.8973,    41.4612,
   251.0000,     3.4936,     6.1639,     1.9366,     0.5548,     0.4034,     0.9784,     1.1708,     0.5863,     0.2455,     1.0094,     0.3076,     0.1330,     0.2411,   291.0170,   290.0667,    42.2029,
   252.0000,     3.4961,     5.6217,     2.0246,     0.5733,     0.4235,     1.0279,     1.5301,     0.7675,     0.2323,     0.9561,     0.2913,     0.1259,     0.4190,   291.8039,   290.2764,    42.9865,
   253.0000,     3.4983,     4.9455,     2.0209,     0.5623,     0.4248,     1.0338,     1.8941,     0.9520,     0.2291,     0.9439,     0.2876,     0.1243,     0.4360,   292.5999,   290.4611,    43.7700,
   254.0000,     3.4998,     6.2181,     1.9448,     0.5337,     0.4106,     1.0005,     1.6071,     0.8095,     0.2235,     0.9220,     0.2809,     0.1215,     0.3969,   293.3179,   290.5816,    44.5192,
   255.0000,     3.5005,     5.6974,     1.8744,     0.5081,     0.3966,     0.9697,     1.6477,     0.8316,     0.2274,     0.9387,     0.2861,     0.1237,     0.2985,   293.9638,   290.6452,    45.2345,
   256.0000,     3.5006,     5.2358,     1.7906,     0.4808,     0.3790,     0.9308,     1.8128,     0.9167,     0.2272,     0.9386,     0.2860,     0.1237,     0.2152,   294.5197,   290.6481,    45.9085,
   257.0000,     3.5023,     5.5928,     2.0024,     0.5459,     0.4240,     1.0324,     1.6434,     0.8326,     0.2323,     0.9605,     0.2927,     0.1265,     0.3904,   295.2987,   290.7951,    46.6796,
   258.0000,     3.5026,     8.0973,     1.8120,     0.4886,     0.3849,     0.9385,     1.3346,     0.6776,     0.2143,     0.8872,     0.2704,     0.1169,     0.3232,   295.8650,   290.8146,    47.3613,
   259.0000,     3.5026,     5.4050,     1.7978,     0.4799,     0.3815,     0.9364,     1.7808,     0.9058,     0.2023,     0.8380,     0.2554,     0.1104,     0.3916,   296.4235,   290.8149,    48.0328,
   260.0000,     3.5028,     5.2512,     1.8434,     0.4876,     0.3905,     0.9653,     2.0469,     1.0432,     0.2057,     0.8524,     0.2598,     0.1123,     0.4132,   297.0435,   290.8322,    48.7220,
   261.0000,     3.5293,     4.8903,     4.6557,     1.4739,     1.0024,     2.1794,     2.0621,     1.0531,     0.2578,     1.0690,     0.3258,     0.1409,     2.8623,   300.3583,   293.0332,    50.7635,
   262.0000,     3.5447,     5.5349,     3.5037,     1.0613,     0.8068,     1.6356,     1.6716,     0.8567,     0.2389,     0.9921,     0.3024,     0.1307,     1.8395,   302.4474,   294.3125,    52.3643,
   263.0000,     3.5551,     5.7558,     3.0318,     0.8774,     0.7222,     1.4322,     1.5276,     0.7849,     0.2227,     0.9258,     0.2822,     0.1220,     1.4791,   304.0735,   295.1801,    53.7721,
   264.0000,     3.5658,     5.9488,     3.1763,     0.8874,     0.7729,     1.5160,     1.5867,     0.8172,     0.2197,     0.9142,     0.2787,     0.1205,     1.6433,   305.8775,   296.0666,    55.2869,
   265.0000,     3.5755,     5.6293,     3.1508,     0.8504,     0.7828,     1.5176,     1.6706,     0.8630,     0.2182,     0.9085,     0.2769,     0.1197,     1.6274,   307.6756,   296.8679,    56.8182,
   266.0000,     3.5811,     6.1144,     2.6813,     0.7018,     0.6783,     1.3012,     1.4407,     0.7465,     0.2127,     0.8861,     0.2701,     0.1168,     1.1957,   308.9835,   297.3374,    58.1123,
   267.0000,     3.5831,     7.7111,     2.2099,     0.5662,     0.5644,     1.0794,     1.1118,     0.5777,     0.1802,     0.7511,     0.2290,     0.0990,     0.9506,   309.7917,   297.5048,    59.1496,
   268.0000,     3.5845,     6.3228,     2.1496,     0.5419,     0.5500,     1.0577,     1.3635,     0.7099,     0.1671,     0.6967,     0.2124,     0.0918,     0.9815,   310.5476,   297.6177,    60.1512,
   269.0000,     3.5875,     5.7464,     2.4349,     0.6044,     0.6233,     1.2072,     1.6650,     0.8687,     0.1652,     0.6886,     0.2099,     0.0908,     1.2805,   311.6318,   297.8688,    61.3115,
   270.0000,     3.5887,     5.2779,     2.2000,     0.5367,     0.5653,     1.0980,     1.8195,     0.9518,     0.1589,     0.6623,     0.2019,     0.0873,     1.0896,   312.4677,   297.9691,    62.3391,
   271.0000,     3.5897,     5.0542,     2.1963,     0.5286,     0.5644,     1.1034,     1.8621,     0.9764,     0.1545,     0.6435,     0.1962,     0.0848,     1.1174,   313.3112,   298.0509,    63.3610,
   272.0000,     3.5874,     5.8373,     1.6985,     0.4040,     0.4364,     0.8582,     1.4349,     0.7542,     0.1464,     0.6097,     0.1859,     0.0804,     0.6762,   313.6053,   297.8566,    64.0957,
   273.0000,     3.5855,     5.4940,     1.7747,     0.4193,     0.4529,     0.9024,     1.6947,     0.8921,     0.1371,     0.5707,     0.1740,     0.0752,     0.8176,   313.9964,   297.6970,    64.8643,
   274.0000,     3.5852,     6.9664,     2.0496,     0.4814,     0.5201,     1.0481,     1.6213,     0.8550,     0.1402,     0.5831,     0.1778,     0.0769,     1.0717,   314.7092,   297.6754,    65.7789,
   275.0000,     3.5842,     4.5162,     1.9542,     0.4548,     0.4945,     1.0049,     1.8602,     0.9833,     0.1351,     0.5614,     0.1712,     0.0740,     1.0125,   315.3223,   297.5949,    66.6335,
   276.0000,     3.5843,     4.1983,     2.1397,     0.4950,     0.5394,     1.1054,     2.1533,     1.1408,     0.1378,     0.5723,     0.1745,     0.0754,     1.1797,   316.1555,   297.6037,    67.5844,
   277.0000,     3.5829,     5.1220,     1.9018,     0.4365,     0.4786,     0.9868,     1.8815,     0.9994,     0.1461,     0.6065,     0.1849,     0.0799,     0.8843,   316.7209,   297.4830,    68.3971,
   278.0000,     3.5769,     5.5455,     1.1615,     0.2649,     0.2908,     0.6058,     1.5808,     0.8415,     0.1341,     0.5565,     0.1697,     0.0734,     0.2279,   316.4367,   296.9825,    68.7910,
   279.0000,     3.5676,     8.1274,     0.6239,     0.1439,     0.1542,     0.3258,     1.0282,     0.5478,     0.1150,     0.4767,     0.1454,     0.0628,    -0.1760,   315.5318,   292.7431,    68.0735,
   280.0000,     3.5161,     5.3047,     0.5138,     0.1197,     0.1238,     0.2703,     1.2189,     0.6569,     0.1066,     0.4376,     0.1334,     0.0577,    -0.2215,   314.5085,   285.9313,    66.6976,
   281.0000,     3.4419,     3.7185,     1.3653,     0.4036,     0.2935,     0.6682,     1.3529,     0.7441,     0.1284,     0.5182,     0.1580,     0.0683,     0.4924,   314.3747,   282.5322,    66.3412,
   282.0000,     3.4089,     4.5368,     1.9510,     0.6937,     0.3373,     0.9200,     1.3527,     0.7526,     0.1350,     0.5400,     0.1647,     0.0712,     1.0402,   314.8013,   281.7619,    66.5448,
   283.0000,     3.3990,     3.7624,     1.8306,     0.6698,     0.2789,     0.8820,     1.3283,     0.7420,     0.1326,     0.5284,     0.1612,     0.0697,     0.9389,   315.1412,   280.7165,    66.5637,
   284.0000,     3.3891,     3.3579,     2.1070,     0.7698,     0.3071,     1.0301,     1.4995,     0.8417,     0.1323,     0.5252,     0.1602,     0.0692,     1.2200,   315.8085,   281.1642,    66.9453,
   285.0000,     3.3973,     2.3141,     2.4134,     0.8766,     0.3363,     1.2005,     1.7761,     0.9975,     0.1300,     0.5154,     0.1572,     0.0679,     1.5428,   316.8510,   282.0779,    67.4453,
   286.0000,     3.4047,     3.7696,     2.0927,     0.7404,     0.3016,     1.0507,     1.4767,     0.8294,     0.1258,     0.4985,     0.1521,     0.0657,     1.2506,   317.5551,   282.6456,    67.8568,
   287.0000,     3.4039,     4.1538,     1.3157,     0.4552,     0.1952,     0.6653,     1.2615,     0.7086,     0.1170,     0.4632,     0.1413,     0.0611,     0.5331,   317.3992,   278.7679,    67.1136,
   288.0000,     3.3585,     3.8664,     1.4599,     0.4994,     0.2143,     0.7461,     1.4491,     0.8249,     0.1134,     0.4441,     0.1355,     0.0586,     0.7083,   317.4238,   277.1878,    66.9402,
   289.0000,     3.3385,     3.8541,     1.2812,     0.4582,     0.1520,     0.6710,     1.3719,     0.7855,     0.1110,     0.4327,     0.1320,     0.0570,     0.5485,   317.2814,   274.6368,    66.4147,
   290.0000,     3.3084,     3.6549,     1.3232,     0.4799,     0.1397,     0.7037,     1.4963,     0.8643,     0.1085,     0.4198,     0.1281,     0.0554,     0.6115,   317.2124,   273.1773,    66.1138,
   291.0000,     3.3029,     3.3145,     2.4514,     0.9293,     0.2120,     1.3102,     1.8636,     1.0820,     0.1151,     0.4435,     0.1353,     0.0585,     1.6991,   318.4916,   274.2369,    66.3417,
   292.0000,     3.3199,     4.3582,     2.6358,     1.0881,     0.2204,     1.3273,     1.6453,     0.9554,     0.1273,     0.4903,     0.1496,     0.0646,     1.8040,   319.8023,   275.6443,    66.5873,
   293.0000,     3.3301,     5.1795,     2.0792,     0.8380,     0.1965,     1.0448,     1.2984,     0.7532,     0.1246,     0.4796,     0.1463,     0.0632,     1.2655,   320.4782,   276.2979,    66.7320,
   294.0000,     3.3432,     5.3339,     2.6380,     1.0374,     0.2661,     1.3345,     1.4893,     0.8637,     0.1258,     0.4835,     0.1475,     0.0638,     1.8175,   321.7946,   277.5855,    67.0773,
   295.0000,     3.3614,     6.5442,     2.9736,     1.1386,     0.3243,     1.5107,     1.4644,     0.8488,     0.1290,     0.4953,     0.1511,     0.0653,     2.1329,   323.4956,   279.0925,    67.5503,
   296.0000,     3.3726,     5.2470,     2.3016,     0.8794,     0.2777,     1.1446,     1.4025,     0.8128,     0.1275,     0.4896,     0.1494,     0.0646,     1.4706,   324.3742,   279.9953,    67.9123,
   297.0000,     3.3802,     4.3496,     1.8851,     0.7589,     0.2424,     0.8838,     1.3241,     0.7670,     0.1244,     0.4771,     0.1456,     0.0629,     1.0752,   324.6685,   278.1536,    67.5937,
   298.0000,     3.3446,     6.7311,     0.6464,     0.2535,     0.0857,     0.3072,     0.9858,     0.5753,     0.1188,     0.4526,     0.1381,     0.0597,    -0.1228,   323.6801,   252.2501,    61.3475,
   299.0000,     3.0355,     4.1348,     0.7884,     0.3188,     0.0836,     0.3861,     1.0731,     0.6885,     0.1215,     0.4359,     0.1330,     0.0575,     0.0405,   322.8723,   235.5590,    57.3007,
   300.0000,     2.8452,     3.0479,     1.4170,     0.6942,     0.0000,     0.7228,     1.1450,     0.7847,     0.1288,     0.4450,     0.1358,     0.0587,     0.6488,   322.8170,   233.2008,    56.3579,
   301.0000,     2.8251,     1.1060,     1.9416,     0.9991,     0.0000,     0.9424,     1.2716,     0.8801,     0.1389,     0.4768,     0.1455,     0.0629,     1.1175,   323.2501,   233.7896,    55.9673,
   302.0000,     2.8334,     1.2050,     2.0742,     1.0473,     0.0000,     1.0268,     1.4459,     0.9996,     0.1360,     0.4658,     0.1421,     0.0614,     1.2689,   323.8687,   235.0141,    55.7059,
   303.0000,     2.8461,     3.3483,     1.9550,     0.9739,     0.0000,     0.9810,     1.2151,     0.8372,     0.1340,     0.4586,     0.1400,     0.0605,     1.1620,   324.3822,   235.9438,    55.4160,
   304.0000,     2.8443,     5.5565,     0.9823,     0.4854,     0.0000,     0.4968,     0.8798,     0.6048,     0.1293,     0.4424,     0.1350,     0.0583,     0.2172,   323.8170,   226.4209,    52.9373,
   305.0000,     2.7306,     3.7658,     1.0287,     0.5086,     0.0000,     0.5201,     1.0000,     0.7151,     0.1284,     0.4302,     0.1313,     0.0567,     0.2821,   323.3066,   218.7277,    50.8846,
   306.0000,     2.6419,     2.8284,     1.2521,     0.6453,     0.0000,     0.6068,     1.0364,     0.7659,     0.1304,     0.4297,     0.1311,     0.0567,     0.5042,   322.9915,   213.9193,    49.4418,
   307.0000,     2.5810,     2.4851,     1.0213,     0.5236,     0.0000,     0.4976,     0.9139,     0.6899,     0.1316,     0.4286,     0.1308,     0.0565,     0.2737,   322.4355,   205.9042,    47.3319,
   308.0000,     2.4817,     1.8219,     0.7909,     0.4053,     0.0000,     0.3856,     0.9379,     0.7344,     0.1331,     0.4261,     0.1300,     0.0562,     0.0455,   321.6337,   193.8310,    44.3625,
   309.0000,     2.3289,     2.1095,     0.2142,     0.1087,     0.0000,     0.1055,     0.7735,     0.6418,     0.1317,     0.4118,     0.1257,     0.0543,    -0.5093,   320.2136,   164.6891,    37.6458,
   310.0000,     1.9763,     1.0851,     0.0000,     0.0000,     0.0000,     0.0000,     0.7082,     0.6885,     0.1307,     0.3869,     0.1181,     0.0510,    -0.6867,   318.5665,   131.1497,    29.9792,
   311.0000,     1.5746,     0.4991,     0.0619,     0.0306,     0.0000,     0.0313,     0.6042,     0.7338,     0.1335,     0.3726,     0.1137,     0.0491,    -0.6071,   316.9975,   107.3745,    24.5317,
   312.0000,     1.2895,    -0.0640,     0.0749,     0.0368,     0.0000,     0.0381,     0.4279,     0.6316,     0.1387,     0.3721,     0.1136,     0.0491,    -0.5986,   315.4519,    88.8696,    20.2885,
   313.0000,     1.0664,    -0.0520,     0.0000,     0.0000,     0.0000,     0.0000,     0.3367,     0.5975,     0.1385,     0.3607,     0.1101,     0.0476,    -0.6568,   313.8298,    70.7711,    16.1567,
   314.0000,     0.8493,    -0.0422,     0.0000,     0.0000,     0.0000,     0.0000,     0.3221,     0.7143,     0.1369,     0.3466,     0.1058,     0.0457,    -0.6350,   312.2162,    56.3583,    12.8663,
   315.0000,     0.6763,    -0.0312,     0.0000,     0.0000,     0.0000,     0.0000,     0.2386,     0.6609,     0.1387,     0.3439,     0.1050,     0.0454,    -0.6329,   310.6111,    44.8808,    10.2461,
   316.0000,     0.5389,    -0.0281,     0.0262,     0.0127,     0.0000,     0.0135,     0.1860,     0.6435,     0.1451,     0.3540,     0.1080,     0.0467,    -0.6276,   309.0445,    36.7487,     8.3843,
   317.0000,     0.4410,    -0.0184,     0.0000,     0.0000,     0.0000,     0.0000,     0.1185,     0.4981,     0.1369,     0.3302,     0.1008,     0.0435,    -0.6114,   307.4561,    29.2647,     6.6768,
   318.0000,     0.3512,    -0.0137,     0.0000,     0.0000,     0.0000,     0.0000,     0.0997,     0.5239,     0.1355,     0.3237,     0.0988,     0.0427,    -0.6007,   305.8760,    23.3049,     5.3170,
   319.0000,     0.2797,    -0.0111,     0.0000,     0.0000,     0.0000,     0.0000,     0.0903,     0.5925,     0.1374,     0.3257,     0.0994,     0.0429,    -0.6055,   304.3041,    18.5588,     4.2342,
   320.0000,     0.2227,    -0.0076,     0.0000,     0.0000,     0.0000,     0.0000,     0.0636,     0.5214,     0.1354,     0.3192,     0.0974,     0.0421,    -0.5941,   302.7406,    14.7792,     3.3719,
   321.0000,     0.1774,    -0.0065,     0.0000,     0.0000,     0.0000,     0.0000,     0.0545,     0.5578,     0.1351,     0.3171,     0.0968,     0.0418,    -0.5908,   301.1852,    11.7694,     2.6852,
   322.0000,     0.1412,    -0.0068,     0.0000,     0.0000,     0.0000,     0.0000,     0.0460,     0.5891,     0.1356,     0.3173,     0.0968,     0.0418,    -0.5916,   299.6380,     9.3725,     2.1384,
   323.0000,     0.1125,    -0.0047,     0.0000,     0.0000,     0.0000,     0.0000,     0.0364,     0.5815,     0.1316,     0.3072,     0.0938,     0.0405,    -0.5731,   298.0989,     7.4638,     1.7029,
   324.0000,     0.0896,    -0.0035,     0.0000,     0.0000,     0.0000,     0.0000,     0.0260,     0.5184,     0.1264,     0.2945,     0.0899,     0.0388,    -0.5496,   296.5679,     7.4638,     1.7029,
   325.0000,     0.0896,    -0.0029,     0.0000,     0.0000,     0.0000,     0.0000,    -0.0001,    -0.0001,     0.1246,     0.2907,     0.0887,     0.0383,    -0.5424,   295.0449,     7.4638,     1.7029,
   326.0000,     0.0896,    -0.0027,     0.0000,     0.0000,     0.0000,     0.0000,    -0.0001,    -0.0001,     0.1260,     0.2944,     0.0898,     0.0388,    -0.5490,   293.5299,     7.4638,     1.7029,
   327.0000,     0.0896,    -0.0030,     0.0000,     0.0000,     0.0000,     0.0000,    -0.0001,    -0.0001,     0.1294,     0.3027,     0.0924,     0.0399,    -0.5644,   292.0229,     7.4638,     1.7029,
   328.0000,     0.0896,    -0.0023,     0.0000,     0.0000,     0.0000,     0.0000,    -0.0000,    -0.0000,     0.1236,     0.2893,     0.0883,     0.0381,    -0.5393,   290.5237,     7.4638,     1.7029,
   329.0000,     0.0896,    -0.0026,     0.0000,     0.0000,     0.0000,     0.0000,    -0.0001,    -0.0001,     0.1181,     0.2768,     0.0845,     0.0365,    -0.5159,   289.0324,     7.4638,     1.7029,
   330.0000,     0.0896,    -0.0029,     0.0000,     0.0000,     0.0000,     0.0000,    -0.0001,    -0.0001,     0.1188,     0.2788,     0.0851,     0.0368,    -0.5194,   287.5490,     7.4638,     1.7029,
   331.0000,     0.0896,    -0.0020,     0.0000,     0.0000,     0.0000,     0.0000,    -0.0000,    -0.0000,     0.1156,     0.2717,     0.0829,     0.0358,    -0.5060,   286.0732,     7.4638,     1.7029,
   332.0000,     0.0896,    -0.0016,     0.0000,     0.0000,     0.0000,     0.0000,    -0.0000,    -0.0000,     0.1107,     0.2604,     0.0795,     0.0343,    -0.4849,   284.6053,     7.4638,     1.7029,
   333.0000,     0.0896,    -0.0019,     0.0000,     0.0000,     0.0000,     0.0000,    -0.0000,    -0.0000,     0.1097,     0.2583,     0.0788,     0.0340,    -0.4809,   283.1450,     7.4638,     1.7029,
   334.0000,     0.0896,    -0.0023,     0.0000,     0.0000,     0.0000,     0.0000,    -0.0000,    -0.0000,     0.1080,     0.2545,     0.0777,     0.0335,    -0.4737,   281.6924,     7.4638,     1.7029,
   335.0000,     0.0896,    -0.0021,     0.0000,     0.0000,     0.0000,     0.0000,    -0.0000,    -0.0000,     0.1069,     0.2522,     0.0770,     0.0333,    -0.4694,   280.2474,     7.4638,     1.7029,
   336.0000,     0.0896,    -0.0024,     0.0000,     0.0000,     0.0000,     0.0000,    -0.0001,    -0.0001,     0.1072,     0.2532,     0.0773,     0.0334,    -0.4711,   278.8100,     7.4638,     1.7029,
   337.0000,     0.0896,    -0.0015,     0.0000,     0.0000,     0.0000,     0.0000,    -0.0000,    -0.0000,     0.1228,     0.2904,     0.0886,     0.0383,    -0.5402,   277.3800,     7.4638,     1.7029,
   338.0000,     0.0896,    -0.0012,     0.0000,     0.0000,     0.0000,     0.0000,    -0.0000,    -0.0000,     0.1211,     0.2867,     0.0875,     0.0378,    -0.5331,   275.9576,     7.4638,     1.7029,
   339.0000,     0.0896,    -0.0015,     0.0000,     0.0000,     0.0000,     0.0000,    -0.0000,    -0.0000,     0.1211,     0.2869,     0.0876,     0.0378,    -0.5333,   274.5427,     7.4638,     1.7029,
   340.0000,     0.0896,    -0.0012,     0.0000,     0.0000,     0.0000,     0.0000,    -0.0000,    -0.0000,     0.1187,     0.2815,     0.0859,     0.0371,    -0.5232,   273.1351,     7.4638,     1.7029,
   341.0000,     0.0896,    -0.0017,     0.0000,     0.0000,     0.0000,     0.0000,    -0.0000,    -0.0000,     0.1166,     0.2770,     0.0846,     0.0365,    -0.5148,   271.7349,     7.4638,     1.7029,
   342.0000,     0.0896,    -0.0018,     0.0000,     0.0000,     0.0000,     0.0000,    -0.0000,    -0.0000,     0.1164,     0.2768,     0.0845,     0.0365,    -0.5141,   270.3420,     7.4638,     1.7029,
   343.0000,     0.0896,    -0.0012,     0.0000,     0.0000,     0.0000,     0.0000,    -0.0000,    -0.0000,     0.1171,     0.2786,     0.0850,     0.0367,    -0.5175,   268.9564,     7.4638,     1.7029,
   344.0000,     0.0896,    -0.0016,     0.0000,     0.0000,     0.0000,     0.0000,    -0.0000,    -0.0000,     0.1157,     0.2758,     0.0842,     0.0364,    -0.5120,   267.5781,     7.4638,     1.7029,
   345.0000,     0.0896,    -0.0012,     0.0000,     0.0000,     0.0000,     0.0000,    -0.0000,    -0.0000,     0.1140,     0.2719,     0.0830,     0.0358,    -0.5048,   266.2070,     7.4638,     1.7029,
   346.0000,     0.0896,    -0.0014,     0.0000,     0.0000,     0.0000,     0.0000,    -0.0000,    -0.0000,     0.1136,     0.2714,     0.0828,     0.0358,    -0.5036,   264.8430,     7.4638,     1.7029,
   347.0000,     0.0896,    -0.0010,     0.0000,     0.0000,     0.0000,     0.0000,    -0.0000,    -0.0000,     0.1135,     0.2713,     0.0828,     0.0358,    -0.5034,   263.4862,     7.4638,     1.7029,
   348.0000,     0.0896,    -0.0012,     0.0000,     0.0000,     0.0000,     0.0000,    -0.0000,    -0.0000,     0.1114,     0.2666,     0.0814,     0.0351,    -0.4946,   262.1365,     7.4638,     1.7029,
   349.0000,     0.0896,    -0.0015,     0.0000,     0.0000,     0.0000,     0.0000,    -0.0000,    -0.0000,     0.1102,     0.2641,     0.0806,     0.0348,    -0.4898,   260.7939,     7.4638,     1.7029,
   350.0000,     0.0896,    -0.0015,     0.0000,     0.0000,     0.0000,     0.0000,    -0.0000,    -0.0000,     0.1108,     0.2658,     0.0811,     0.0350,    -0.4929,   259.4582,     7.4638,     1.7029,
   351.0000,     0.0896,    -0.0018,     0.0000,     0.0000,     0.0000,     0.0000,    -0.0000,    -0.0000,     0.1095,     0.2630,     0.0803,     0.0347,    -0.4875,   258.1296,     7.4638,     1.7029,
   352.0000,     0.0896,    -0.0025,     0.0000,     0.0000,     0.0000,     0.0000,    -0.0001,    -0.0001,     0.1098,     0.2639,     0.0805,     0.0348,    -0.4889,   256.8079,     7.4638,     1.7029,
   353.0000,     0.0896,    -0.0014,     0.0000,     0.0000,     0.0000,     0.0000,    -0.0000,    -0.0000,     0.1077,     0.2592,     0.0791,     0.0342,    -0.4801,   255.4931,     7.4638,     1.7029,
   354.0000,     0.0896,    -0.0020,     0.0000,     0.0000,     0.0000,     0.0000,    -0.0000,    -0.0000,     0.1061,     0.2555,     0.0780,     0.0337,    -0.4732,   254.1852,     7.4638,     1.7029,
   355.0000,     0.0896,    -0.0019,     0.0000,     0.0000,     0.0000,     0.0000,    -0.0000,    -0.0000,     0.1064,     0.2565,     0.0783,     0.0338,    -0.4749,   252.8841,     7.4638,     1.7029,
   356.0000,     0.0896,    -0.0015,     0.0000,     0.0000,     0.0000,     0.0000,    -0.0000,    -0.0000,     0.1059,     0.2555,     0.0780,     0.0337,    -0.4730,   251.5898,     7.4638,     1.7029,
   357.0000,     0.0896,    -0.0014,     0.0000,     0.0000,     0.0000,     0.0000,    -0.0000,    -0.0000,     0.1108,     0.2677,     0.0817,     0.0353,    -0.4955,   250.3023,     7.4638,     1.7029,
   358.0000,     0.0896,    -0.0011,     0.0000,     0.0000,     0.0000,     0.0000,    -0.0000,    -0.0000,     0.1086,     0.2627,     0.0802,     0.0346,    -0.4862,   249.0215,     7.4638,     1.7029,
   359.0000,     0.0896,    -0.0012,     0.0000,     0.0000,     0.0000,     0.0000,    -0.0000,    -0.0000,     0.1075,     0.2602,     0.0794,     0.0343,    -0.4814,   247.7474,     7.4638,     1.7029,
   360.0000,     0.0896,    -0.0014,     0.0000,     0.0000,     0.0000,     0.0000,    -0.0000,    -0.0000,     0.1075,     0.2604,     0.0795,     0.0343,    -0.4817,   246.4799,     7.4638,     1.7029,
   361.0000,     0.0896,    -0.0019,     0.0000,     0.0000,     0.0000,     0.0000,    -0.0000,    -0.0000,     0.1087,     0.2638,     0.0805,     0.0348,    -0.4879,   245.2191,     7.4638,     1.7029,
   362.0000,     0.0896,    -0.0022,     0.0000,     0.0000,     0.0000,     0.0000,    -0.0000,    -0.0000,     0.1085,     0.2634,     0.0804,     0.0347,    -0.4870,   243.9648,     7.4638,     1.7029,
   363.0000,     0.0896,    -0.0021,     0.0000,     0.0000,     0.0000,     0.0000,    -0.0000,    -0.0000,     0.1075,     0.2614,     0.0798,     0.0344,    -0.4832,   242.7171,     7.4638,     1.7029,
   364.0000,     0.0896,    -0.0019,     0.0000,     0.0000,     0.0000,     0.0000,    -0.0000,    -0.0000,     0.1090,     0.2653,     0.0810,     0.0350,    -0.4903,   241.4760,     7.4638,     1.7029,
   365.0000,     0.0896,    -0.0016,     0.0000,     0.0000,     0.0000,     0.0000,    -0.0000,    -0.0000,     0.1077,     0.2624,     0.0801,     0.0346,    -0.4847,   240.2412,     7.4638,     1.7029,
